[{"model": "auth.group", "fields": {"name": "administradores", "permissions": []}}, {"model": "auth.group", "fields": {"name": "usuarios", "permissions": []}}, {"model": "auth.group", "fields": {"name": "consultores", "permissions": []}}, {"model": "auth.user", "fields": {"password": "pbkdf2_sha256$720000$eWSrVjFapfqiiXfBYAY5x6$N4zp3ffOsAJKYwK70HLSrRWZy9ePdMF+IqUTaom2ocY=", "last_login": "2026-01-16T01:28:52.133Z", "is_superuser": true, "username": "echumila", "first_name": "Edgar", "last_name": "Chumil", "email": "edgarcha91@gmail.com", "is_staff": true, "is_active": true, "date_joined": "2026-01-16T01:18:51.701Z", "groups": [["administradores"]], "user_permissions": []}}, {"model": "auth.user", "fields": {"password": "pbkdf2_sha256$720000$NCrGSMzNwOz8XK6hpWSmdJ$LhsoK0CxtvbyB6H0VpyB8GkMzU8r6Ql85Oc0+uMXQAk=", "last_login": null, "is_superuser": false, "username": "echumila1", "first_name": "Leonardo", "last_name": "Chumil", "email": "cchumil@gmail.com", "is_staff": false, "is_active": true, "date_joined": "2026-02-02T15:38:47.889Z", "groups": [["usuarios"]], "user_permissions": []}}, {"model": "auth.user", "fields": {"password": "pbkdf2_sha256$720000$pYMW3hPQtKDZ4otpWJ8jBW$WV7JhL+2HA23FH0J8fCjWzG8FMyrMurQEC0Niliuev0=", "last_login": null, "is_superuser": true, "username": "echumila3", "first_name": "", "last_name": "", "email": "edoch3@gmail.com", "is_staff": true, "is_active": true, "date_joined": "2026-02-03T16:12:09.634Z", "groups": [], "user_permissions": []}}, {"model": "auth.user", "fields": {"password": "pbkdf2_sha256$720000$yBqEpDIuaGalD3XdHmyol7$BrSIeggH1oL0Geyro73qzd6qnvO+pCETmDIMVPVYKA0=", "last_login": null, "is_superuser": false, "username": "Antonio", "first_name": "Antonio", "last_name": "Tambriz", "email": "tono.tsr@gmail.com", "is_staff": false, "is_active": true, "date_joined": "2026-02-03T17:01:17.433Z", "groups": [["administradores"]], "user_permissions": []}}, {"model": "token_blacklist.outstandingtoken", "pk": 1, "fields": {"user": ["echumila"], "jti": "37f169e9fd2640cbb49bd67ab295b893", "token": "eyJhbGciOiJIUzI1NiIsInR5cCI6IkpXVCJ9.eyJ0b2tlbl90eXBlIjoicmVmcmVzaCIsImV4cCI6MTc3MDEzODYyNSwiaWF0IjoxNzcwMDUyMjI1LCJqdGkiOiIzN2YxNjllOWZkMjY0MGNiYjQ5YmQ2N2FiMjk1Yjg5MyIsInVzZXJfaWQiOjF9.OCf5-ZJ4qZrQea1j8gLPLMq9qYCL69FYJ-o3AdwusXU", "created_at": "2026-02-02T17:10:25.157Z", "expires_at": "2026-02-03T17:10:25Z"}}, {"model": "token_blacklist.outstandingtoken", "pk": 2, "fields": {"user": ["echumila1"], "jti": "94c2623536d34ecf841adca306b9ec21", "token": "eyJhbGciOiJIUzI1NiIsInR5cCI6IkpXVCJ9.eyJ0b2tlbl90eXBlIjoicmVmcmVzaCIsImV4cCI6MTc3MDEzODY0MiwiaWF0IjoxNzcwMDUyMjQyLCJqdGkiOiI5NGMyNjIzNTM2ZDM0ZWNmODQxYWRjYTMwNmI5ZWMyMSIsInVzZXJfaWQiOjE4fQ.Pzx2HuuM6dYkiI4I2e0Po1Ucg6GbNktJL11WNvvTHb0", "created_at": "2026-02-02T17:10:42.129Z", "expires_at": "2026-02-03T17:10:42Z"}}, {"model": "token_blacklist.outstandingtoken", "pk": 3, "fields": {"user": ["echumila"], "jti": "c3d0269c9d744f3ab1a085c959cc7fb8", "token": "eyJhbGciOiJIUzI1NiIsInR5cCI6IkpXVCJ9.eyJ0b2tlbl90eXBlIjoicmVmcmVzaCIsImV4cCI6MTc3MDIyMTYwNywiaWF0IjoxNzcwMTM1MjA3LCJqdGkiOiJjM2QwMjY5YzlkNzQ0ZjNhYjFhMDg1Yzk1OWNjN2ZiOCIsInVzZXJfaWQiOjF9.Tc0FAKsS6yIRQgvJFtdXuLAMRiRM9fdWuy4XAsV4bGM", "created_at": "2026-02-03T16:13:27.842Z", "expires_at": "2026-02-04T16:13:27Z"}}, {"model": "token_blacklist.outstandingtoken", "pk": 4, "fields": {"user": ["echumila"], "jti": "d72934c1da7b493a8ebbe1c76f6684c9", "token": "eyJhbGciOiJIUzI1NiIsInR5cCI6IkpXVCJ9.eyJ0b2tlbl90eXBlIjoicmVmcmVzaCIsImV4cCI6MTc3MDIyMzY2NiwiaWF0IjoxNzcwMTM3MjY2LCJqdGkiOiJkNzI5MzRjMWRhN2I0OTNhOGViYmUxYzc2ZjY2ODRjOSIsInVzZXJfaWQiOjF9.KVsO7hZKcVsMuIDY2jt7d7r-PZpeRS1J8KITjrHPQNM", "created_at": "2026-02-03T16:47:46.255Z", "expires_at": "2026-02-04T16:47:46Z"}}, {"model": "token_blacklist.outstandingtoken", "pk": 5, "fields": {"user": ["echumila"], "jti": "6da72661931340f9b9f83b539bcdbce8", "token": "eyJhbGciOiJIUzI1NiIsInR5cCI6IkpXVCJ9.eyJ0b2tlbl90eXBlIjoicmVmcmVzaCIsImV4cCI6MTc3MDIyNDQxMCwiaWF0IjoxNzcwMTM4MDEwLCJqdGkiOiI2ZGE3MjY2MTkzMTM0MGY5YjlmODNiNTM5YmNkYmNlOCIsInVzZXJfaWQiOjF9.8sWMpPOB-o-DhRErEC2f50Spv6sjbn4AphXeFt3ZTAw", "created_at": "2026-02-03T17:00:10.586Z", "expires_at": "2026-02-04T17:00:10Z"}}, {"model": "token_blacklist.outstandingtoken", "pk": 6, "fields": {"user": ["echumila1"], "jti": "ffd48ac8ce6645fd941c02096462e927", "token": "eyJhbGciOiJIUzI1NiIsInR5cCI6IkpXVCJ9.eyJ0b2tlbl90eXBlIjoicmVmcmVzaCIsImV4cCI6MTc3MDIyNDgyNiwiaWF0IjoxNzcwMTM4NDI2LCJqdGkiOiJmZmQ0OGFjOGNlNjY0NWZkOTQxYzAyMDk2NDYyZTkyNyIsInVzZXJfaWQiOjE4fQ.3JkIy29n3hOqt9iy9Vqnk6zzXBTyfrEn2yillj__Nxs", "created_at": "2026-02-03T17:07:06.482Z", "expires_at": "2026-02-04T17:07:06Z"}}, {"model": "token_blacklist.outstandingtoken", "pk": 7, "fields": {"user": ["echumila"], "jti": "42cc8ef9a9ee4aac94f5b5667acc9ed2", "token": "eyJhbGciOiJIUzI1NiIsInR5cCI6IkpXVCJ9.eyJ0b2tlbl90eXBlIjoicmVmcmVzaCIsImV4cCI6MTc3MDIyNTQzNCwiaWF0IjoxNzcwMTM5MDM0LCJqdGkiOiI0MmNjOGVmOWE5ZWU0YWFjOTRmNWI1NjY3YWNjOWVkMiIsInVzZXJfaWQiOjF9._p1cQsXuvUzjiv_Nv-XkjHoH4jBrg3eUuFHgYWGt6vE", "created_at": "2026-02-03T17:17:14.553Z", "expires_at": "2026-02-04T17:17:14Z"}}, {"model": "token_blacklist.outstandingtoken", "pk": 8, "fields": {"user": ["echumila"], "jti": "221ccfb65e92483ebaac26bbc8f0773b", "token": "eyJhbGciOiJIUzI1NiIsInR5cCI6IkpXVCJ9.eyJ0b2tlbl90eXBlIjoicmVmcmVzaCIsImV4cCI6MTc3MDIyNjEzOCwiaWF0IjoxNzcwMTM5NzM4LCJqdGkiOiIyMjFjY2ZiNjVlOTI0ODNlYmFhYzI2YmJjOGYwNzczYiIsInVzZXJfaWQiOjF9.NrzSjedP8d6LkSwDTDI3FK2G-tHPZQPCqIJYK81W5wY", "created_at": "2026-02-03T17:28:58.289Z", "expires_at": "2026-02-04T17:28:58Z"}}, {"model": "token_blacklist.outstandingtoken", "pk": 9, "fields": {"user": ["echumila"], "jti": "8169dac1711b4a7a8e65610a55b57fc7", "token": "eyJhbGciOiJIUzI1NiIsInR5cCI6IkpXVCJ9.eyJ0b2tlbl90eXBlIjoicmVmcmVzaCIsImV4cCI6MTc3MDUwNzkyNCwiaWF0IjoxNzcwNDIxNTI0LCJqdGkiOiI4MTY5ZGFjMTcxMWI0YTdhOGU2NTYxMGE1NWI1N2ZjNyIsInVzZXJfaWQiOjF9.CHDDr7FV2o9zCV4_NMui0nDkOXSfnBAYBOj_WI36s-w", "created_at": "2026-02-06T23:45:24.840Z", "expires_at": "2026-02-07T23:45:24Z"}}, {"model": "token_blacklist.blacklistedtoken", "pk": 1, "fields": {"token": 1, "blacklisted_at": "2026-02-02T17:10:28.888Z"}}, {"model": "token_blacklist.blacklistedtoken", "pk": 2, "fields": {"token": 2, "blacklisted_at": "2026-02-02T17:10:51.423Z"}}, {"model": "token_blacklist.blacklistedtoken", "pk": 3, "fields": {"token": 3, "blacklisted_at": "2026-02-03T16:13:44.101Z"}}, {"model": "token_blacklist.blacklistedtoken", "pk": 4, "fields": {"token": 4, "blacklisted_at": "2026-02-03T16:53:19.677Z"}}, {"model": "token_blacklist.blacklistedtoken", "pk": 5, "fields": {"token": 5, "blacklisted_at": "2026-02-03T17:05:31.258Z"}}, {"model": "token_blacklist.blacklistedtoken", "pk": 6, "fields": {"token": 6, "blacklisted_at": "2026-02-03T17:12:20.196Z"}}, {"model": "token_blacklist.blacklistedtoken", "pk": 7, "fields": {"token": 8, "blacklisted_at": "2026-02-03T17:32:38.803Z"}}, {"model": "accounts.userprofile", "pk": 4, "fields": {"user": ["echumila"], "municipality": "Solola"}}, {"model": "accounts.userprofile", "pk": 6, "fields": {"user": ["echumila1"], "municipality": "Concepcion"}}, {"model": "accounts.userprofile", "pk": 7, "fields": {"user": ["echumila3"], "municipality": ""}}, {"model": "accounts.userprofile", "pk": 8, "fields": {"user": ["Antonio"], "municipality": "Nahuala"}}, {"model": "medications.medication", "pk": 2, "fields": {"category": "Cat 13", "code": "1012", "material_name": "Bolsas blancos grandes", "monthly_demand_avg": "0.00", "physical_stock": 174, "months_of_supply": "0.00", "created_at": "2026-01-19T19:37:13.722Z", "updated_at": "2026-02-03T16:56:24.021Z"}}, {"model": "medications.medication", "pk": 3, "fields": {"category": "Cat 01", "code": "1011", "material_name": "Bolsas rojas medianas", "monthly_demand_avg": "0.00", "physical_stock": 120, "months_of_supply": "0.00", "created_at": "2026-01-19T22:27:31.176Z", "updated_at": "2026-02-03T16:56:24.023Z"}}, {"model": "medications.medication", "pk": 4, "fields": {"category": "Cat 02", "code": "1013", "material_name": "Bolsas blancas medianas", "monthly_demand_avg": "0.00", "physical_stock": 85, "months_of_supply": "0.00", "created_at": "2026-01-19T22:28:50.904Z", "updated_at": "2026-02-03T16:56:24.025Z"}}, {"model": "medications.medication", "pk": 5, "fields": {"category": "Cat 03", "code": "1014", "material_name": "Cajas Petri", "monthly_demand_avg": "0.00", "physical_stock": 20, "months_of_supply": "0.00", "created_at": "2026-01-19T22:29:28.080Z", "updated_at": "2026-02-02T03:26:01.736Z"}}, {"model": "medications.medication", "pk": 6, "fields": {"category": "Cat 05", "code": "1015", "material_name": "Membranas de filtración", "monthly_demand_avg": "0.00", "physical_stock": 20, "months_of_supply": "0.00", "created_at": "2026-01-19T22:30:16.776Z", "updated_at": "2026-02-02T03:26:01.737Z"}}, {"model": "medications.medication", "pk": 7, "fields": {"category": "Cat 06", "code": "1016", "material_name": "Medios de cultivo coli..", "monthly_demand_avg": "0.00", "physical_stock": 20, "months_of_supply": "0.00", "created_at": "2026-01-19T22:31:25.760Z", "updated_at": "2026-02-02T03:26:01.739Z"}}, {"model": "medications.medication", "pk": 8, "fields": {"category": "Cat 08", "code": "1018", "material_name": "DPD Cloro Residual", "monthly_demand_avg": "0.00", "physical_stock": 15, "months_of_supply": "0.00", "created_at": "2026-01-19T22:32:17.040Z", "updated_at": "2026-02-03T17:29:16.781Z"}}, {"model": "medications.medication", "pk": 9, "fields": {"category": "Cat 10", "code": "1020", "material_name": "Hipoclorito de calcio", "monthly_demand_avg": "0.00", "physical_stock": 20, "months_of_supply": "0.00", "created_at": "2026-01-19T22:50:49.815Z", "updated_at": "2026-02-02T03:26:01.742Z"}}, {"model": "medications.medication", "pk": 10, "fields": {"category": "Cat 11", "code": "1021", "material_name": "Hojas para inscripción sanitarias", "monthly_demand_avg": "0.00", "physical_stock": 20, "months_of_supply": "0.00", "created_at": "2026-01-19T22:51:28.232Z", "updated_at": "2026-02-02T03:26:01.744Z"}}, {"model": "medications.medication", "pk": 11, "fields": {"category": "Cat 12", "code": "1022", "material_name": "Fichas de inscripción ventas callejeras", "monthly_demand_avg": "0.00", "physical_stock": 110, "months_of_supply": "0.00", "created_at": "2026-01-19T22:52:19.864Z", "updated_at": "2026-02-02T03:26:01.746Z"}}, {"model": "medications.medication", "pk": 12, "fields": {"category": "Cat 15", "code": "1023", "material_name": "Collares de perros", "monthly_demand_avg": "0.00", "physical_stock": 11, "months_of_supply": "0.00", "created_at": "2026-01-19T22:53:11.264Z", "updated_at": "2026-02-02T03:26:01.747Z"}}, {"model": "medications.medication", "pk": 13, "fields": {"category": "Cat 15", "code": "1025", "material_name": "Grapas para collares de perros", "monthly_demand_avg": "0.00", "physical_stock": 20, "months_of_supply": "0.00", "created_at": "2026-01-19T22:53:46.904Z", "updated_at": "2026-02-02T03:26:01.749Z"}}, {"model": "medications.medication", "pk": 14, "fields": {"category": "Cat 16", "code": "1026", "material_name": "Carné de vacunación de perros", "monthly_demand_avg": "0.00", "physical_stock": 20, "months_of_supply": "0.00", "created_at": "2026-01-19T22:54:26.416Z", "updated_at": "2026-02-02T03:26:01.750Z"}}, {"model": "medications.medication", "pk": 15, "fields": {"category": "Cat 01", "code": "1010", "material_name": "Bolsas rojas grandes", "monthly_demand_avg": "0.00", "physical_stock": 20, "months_of_supply": "0.00", "created_at": "2026-01-20T00:57:57.371Z", "updated_at": "2026-02-03T16:56:24.026Z"}}, {"model": "medications.municipality", "pk": 1, "fields": {"name": "Solola"}}, {"model": "medications.municipality", "pk": 2, "fields": {"name": "San Jose Chacaya"}}, {"model": "medications.municipality", "pk": 3, "fields": {"name": "Santa Maria Visitacion"}}, {"model": "medications.municipality", "pk": 4, "fields": {"name": "Santa Lucia Utatlan"}}, {"model": "medications.municipality", "pk": 5, "fields": {"name": "Nahuala"}}, {"model": "medications.municipality", "pk": 6, "fields": {"name": "Santa Catarina Ixtahuacan"}}, {"model": "medications.municipality", "pk": 7, "fields": {"name": "Santa Clara La Laguna"}}, {"model": "medications.municipality", "pk": 8, "fields": {"name": "Concepcion"}}, {"model": "medications.municipality", "pk": 9, "fields": {"name": "San Andres Semetabaj"}}, {"model": "medications.municipality", "pk": 10, "fields": {"name": "Panajachel"}}, {"model": "medications.municipality", "pk": 11, "fields": {"name": "Santa Catarina Palopo"}}, {"model": "medications.municipality", "pk": 12, "fields": {"name": "San Antonio Palopo"}}, {"model": "medications.municipality", "pk": 13, "fields": {"name": "San Lucas Toliman"}}, {"model": "medications.municipality", "pk": 14, "fields": {"name": "Santa Cruz La Laguna"}}, {"model": "medications.municipality", "pk": 15, "fields": {"name": "San Pablo La Laguna"}}, {"model": "medications.municipality", "pk": 16, "fields": {"name": "San Marcos La Laguna"}}, {"model": "medications.municipality", "pk": 17, "fields": {"name": "San Juan La Laguna"}}, {"model": "medications.municipality", "pk": 18, "fields": {"name": "San Pedro La Laguna"}}, {"model": "medications.municipality", "pk": 19, "fields": {"name": "Santiago Atitlan"}}, {"model": "medications.municipalitystock", "pk": 1, "fields": {"municipality": 8, "medication": 2, "stock": 60, "updated_at": "2026-02-02T03:12:59.434Z"}}, {"model": "medications.municipalitystock", "pk": 2, "fields": {"municipality": 8, "medication": 3, "stock": 10, "updated_at": "2026-02-02T03:12:59.437Z"}}, {"model": "medications.municipalitystock", "pk": 3, "fields": {"municipality": 8, "medication": 4, "stock": 20, "updated_at": "2026-02-02T03:12:59.439Z"}}, {"model": "medications.municipalitystock", "pk": 4, "fields": {"municipality": 8, "medication": 5, "stock": 10, "updated_at": "2026-02-02T03:12:59.440Z"}}, {"model": "medications.municipalitystock", "pk": 5, "fields": {"municipality": 8, "medication": 6, "stock": 10, "updated_at": "2026-02-02T03:12:59.442Z"}}, {"model": "medications.municipalitystock", "pk": 6, "fields": {"municipality": 8, "medication": 7, "stock": 10, "updated_at": "2026-02-02T03:12:59.443Z"}}, {"model": "medications.municipalitystock", "pk": 7, "fields": {"municipality": 8, "medication": 8, "stock": 10, "updated_at": "2026-02-02T03:12:59.445Z"}}, {"model": "medications.municipalitystock", "pk": 8, "fields": {"municipality": 8, "medication": 9, "stock": 10, "updated_at": "2026-02-02T03:12:59.447Z"}}, {"model": "medications.municipalitystock", "pk": 9, "fields": {"municipality": 8, "medication": 10, "stock": 10, "updated_at": "2026-02-02T03:12:59.449Z"}}, {"model": "medications.municipalitystock", "pk": 10, "fields": {"municipality": 8, "medication": 11, "stock": 10, "updated_at": "2026-02-02T03:12:59.450Z"}}, {"model": "medications.municipalitystock", "pk": 11, "fields": {"municipality": 8, "medication": 12, "stock": 10, "updated_at": "2026-02-02T03:12:59.452Z"}}, {"model": "medications.municipalitystock", "pk": 12, "fields": {"municipality": 8, "medication": 13, "stock": 10, "updated_at": "2026-02-02T03:12:59.453Z"}}, {"model": "medications.municipalitystock", "pk": 13, "fields": {"municipality": 8, "medication": 14, "stock": 10, "updated_at": "2026-02-02T03:12:59.455Z"}}, {"model": "medications.municipalitystock", "pk": 14, "fields": {"municipality": 8, "medication": 15, "stock": 10, "updated_at": "2026-02-02T03:12:59.456Z"}}, {"model": "medications.municipalitystock", "pk": 15, "fields": {"municipality": 5, "medication": 2, "stock": 50, "updated_at": "2026-01-26T19:29:10.438Z"}}, {"model": "medications.municipalitystock", "pk": 16, "fields": {"municipality": 5, "medication": 3, "stock": 0, "updated_at": "2026-01-26T19:10:43.776Z"}}, {"model": "medications.municipalitystock", "pk": 17, "fields": {"municipality": 5, "medication": 4, "stock": 20, "updated_at": "2026-01-26T19:29:07.102Z"}}, {"model": "medications.municipalitystock", "pk": 18, "fields": {"municipality": 5, "medication": 5, "stock": 0, "updated_at": "2026-01-26T19:10:43.776Z"}}, {"model": "medications.municipalitystock", "pk": 19, "fields": {"municipality": 5, "medication": 6, "stock": 0, "updated_at": "2026-01-26T19:10:43.776Z"}}, {"model": "medications.municipalitystock", "pk": 20, "fields": {"municipality": 5, "medication": 7, "stock": 0, "updated_at": "2026-01-26T19:10:43.776Z"}}, {"model": "medications.municipalitystock", "pk": 21, "fields": {"municipality": 5, "medication": 8, "stock": 0, "updated_at": "2026-01-26T19:10:43.776Z"}}, {"model": "medications.municipalitystock", "pk": 22, "fields": {"municipality": 5, "medication": 9, "stock": 0, "updated_at": "2026-01-26T19:10:43.776Z"}}, {"model": "medications.municipalitystock", "pk": 23, "fields": {"municipality": 5, "medication": 10, "stock": 0, "updated_at": "2026-01-26T19:10:43.776Z"}}, {"model": "medications.municipalitystock", "pk": 24, "fields": {"municipality": 5, "medication": 11, "stock": 0, "updated_at": "2026-01-26T19:10:43.776Z"}}, {"model": "medications.municipalitystock", "pk": 25, "fields": {"municipality": 5, "medication": 12, "stock": 0, "updated_at": "2026-01-26T19:10:43.776Z"}}, {"model": "medications.municipalitystock", "pk": 26, "fields": {"municipality": 5, "medication": 13, "stock": 0, "updated_at": "2026-01-26T19:10:43.776Z"}}, {"model": "medications.municipalitystock", "pk": 27, "fields": {"municipality": 5, "medication": 14, "stock": 0, "updated_at": "2026-01-26T19:10:43.776Z"}}, {"model": "medications.municipalitystock", "pk": 28, "fields": {"municipality": 5, "medication": 15, "stock": 0, "updated_at": "2026-01-26T19:10:43.776Z"}}, {"model": "medications.municipalitystock", "pk": 29, "fields": {"municipality": 10, "medication": 2, "stock": 50, "updated_at": "2026-01-26T19:28:51.477Z"}}, {"model": "medications.municipalitystock", "pk": 30, "fields": {"municipality": 10, "medication": 3, "stock": 0, "updated_at": "2026-01-26T19:23:46.943Z"}}, {"model": "medications.municipalitystock", "pk": 31, "fields": {"municipality": 10, "medication": 4, "stock": 30, "updated_at": "2026-01-26T19:29:16.150Z"}}, {"model": "medications.municipalitystock", "pk": 32, "fields": {"municipality": 10, "medication": 5, "stock": 0, "updated_at": "2026-01-26T19:23:46.943Z"}}, {"model": "medications.municipalitystock", "pk": 33, "fields": {"municipality": 10, "medication": 6, "stock": 0, "updated_at": "2026-01-26T19:23:46.943Z"}}, {"model": "medications.municipalitystock", "pk": 34, "fields": {"municipality": 10, "medication": 7, "stock": 0, "updated_at": "2026-01-26T19:23:46.943Z"}}, {"model": "medications.municipalitystock", "pk": 35, "fields": {"municipality": 10, "medication": 8, "stock": 0, "updated_at": "2026-01-26T19:23:46.943Z"}}, {"model": "medications.municipalitystock", "pk": 36, "fields": {"municipality": 10, "medication": 9, "stock": 0, "updated_at": "2026-01-26T19:23:46.943Z"}}, {"model": "medications.municipalitystock", "pk": 37, "fields": {"municipality": 10, "medication": 10, "stock": 0, "updated_at": "2026-01-26T19:23:46.944Z"}}, {"model": "medications.municipalitystock", "pk": 38, "fields": {"municipality": 10, "medication": 11, "stock": 0, "updated_at": "2026-01-26T19:23:46.944Z"}}, {"model": "medications.municipalitystock", "pk": 39, "fields": {"municipality": 10, "medication": 12, "stock": 0, "updated_at": "2026-01-26T19:23:46.944Z"}}, {"model": "medications.municipalitystock", "pk": 40, "fields": {"municipality": 10, "medication": 13, "stock": 0, "updated_at": "2026-01-26T19:23:46.944Z"}}, {"model": "medications.municipalitystock", "pk": 41, "fields": {"municipality": 10, "medication": 14, "stock": 0, "updated_at": "2026-01-26T19:23:46.944Z"}}, {"model": "medications.municipalitystock", "pk": 42, "fields": {"municipality": 10, "medication": 15, "stock": 0, "updated_at": "2026-01-26T19:23:46.944Z"}}, {"model": "medications.municipalitystock", "pk": 43, "fields": {"municipality": 9, "medication": 2, "stock": 0, "updated_at": "2026-01-26T21:29:10.246Z"}}, {"model": "medications.municipalitystock", "pk": 44, "fields": {"municipality": 9, "medication": 3, "stock": 0, "updated_at": "2026-01-26T21:29:10.246Z"}}, {"model": "medications.municipalitystock", "pk": 45, "fields": {"municipality": 9, "medication": 4, "stock": 0, "updated_at": "2026-01-26T21:29:10.246Z"}}, {"model": "medications.municipalitystock", "pk": 46, "fields": {"municipality": 9, "medication": 5, "stock": 0, "updated_at": "2026-01-26T21:29:10.246Z"}}, {"model": "medications.municipalitystock", "pk": 47, "fields": {"municipality": 9, "medication": 6, "stock": 0, "updated_at": "2026-01-26T21:29:10.246Z"}}, {"model": "medications.municipalitystock", "pk": 48, "fields": {"municipality": 9, "medication": 7, "stock": 0, "updated_at": "2026-01-26T21:29:10.246Z"}}, {"model": "medications.municipalitystock", "pk": 49, "fields": {"municipality": 9, "medication": 8, "stock": 0, "updated_at": "2026-01-26T21:29:10.246Z"}}, {"model": "medications.municipalitystock", "pk": 50, "fields": {"municipality": 9, "medication": 9, "stock": 0, "updated_at": "2026-01-26T21:29:10.246Z"}}, {"model": "medications.municipalitystock", "pk": 51, "fields": {"municipality": 9, "medication": 10, "stock": 0, "updated_at": "2026-01-26T21:29:10.246Z"}}, {"model": "medications.municipalitystock", "pk": 52, "fields": {"municipality": 9, "medication": 11, "stock": 0, "updated_at": "2026-01-26T21:29:10.246Z"}}, {"model": "medications.municipalitystock", "pk": 53, "fields": {"municipality": 9, "medication": 12, "stock": 0, "updated_at": "2026-01-26T21:29:10.246Z"}}, {"model": "medications.municipalitystock", "pk": 54, "fields": {"municipality": 9, "medication": 13, "stock": 0, "updated_at": "2026-01-26T21:29:10.246Z"}}, {"model": "medications.municipalitystock", "pk": 55, "fields": {"municipality": 9, "medication": 14, "stock": 0, "updated_at": "2026-01-26T21:29:10.246Z"}}, {"model": "medications.municipalitystock", "pk": 56, "fields": {"municipality": 9, "medication": 15, "stock": 0, "updated_at": "2026-01-26T21:29:10.246Z"}}, {"model": "medications.municipalitystock", "pk": 57, "fields": {"municipality": 12, "medication": 2, "stock": 0, "updated_at": "2026-01-26T21:29:12.397Z"}}, {"model": "medications.municipalitystock", "pk": 58, "fields": {"municipality": 12, "medication": 3, "stock": 0, "updated_at": "2026-01-26T21:29:12.397Z"}}, {"model": "medications.municipalitystock", "pk": 59, "fields": {"municipality": 12, "medication": 4, "stock": 0, "updated_at": "2026-01-26T21:29:12.397Z"}}, {"model": "medications.municipalitystock", "pk": 60, "fields": {"municipality": 12, "medication": 5, "stock": 0, "updated_at": "2026-01-26T21:29:12.397Z"}}, {"model": "medications.municipalitystock", "pk": 61, "fields": {"municipality": 12, "medication": 6, "stock": 0, "updated_at": "2026-01-26T21:29:12.397Z"}}, {"model": "medications.municipalitystock", "pk": 62, "fields": {"municipality": 12, "medication": 7, "stock": 0, "updated_at": "2026-01-26T21:29:12.397Z"}}, {"model": "medications.municipalitystock", "pk": 63, "fields": {"municipality": 12, "medication": 8, "stock": 0, "updated_at": "2026-01-26T21:29:12.397Z"}}, {"model": "medications.municipalitystock", "pk": 64, "fields": {"municipality": 12, "medication": 9, "stock": 0, "updated_at": "2026-01-26T21:29:12.397Z"}}, {"model": "medications.municipalitystock", "pk": 65, "fields": {"municipality": 12, "medication": 10, "stock": 0, "updated_at": "2026-01-26T21:29:12.397Z"}}, {"model": "medications.municipalitystock", "pk": 66, "fields": {"municipality": 12, "medication": 11, "stock": 0, "updated_at": "2026-01-26T21:29:12.397Z"}}, {"model": "medications.municipalitystock", "pk": 67, "fields": {"municipality": 12, "medication": 12, "stock": 0, "updated_at": "2026-01-26T21:29:12.397Z"}}, {"model": "medications.municipalitystock", "pk": 68, "fields": {"municipality": 12, "medication": 13, "stock": 0, "updated_at": "2026-01-26T21:29:12.397Z"}}, {"model": "medications.municipalitystock", "pk": 69, "fields": {"municipality": 12, "medication": 14, "stock": 0, "updated_at": "2026-01-26T21:29:12.397Z"}}, {"model": "medications.municipalitystock", "pk": 70, "fields": {"municipality": 12, "medication": 15, "stock": 0, "updated_at": "2026-01-26T21:29:12.397Z"}}, {"model": "medications.municipalitystock", "pk": 71, "fields": {"municipality": 1, "medication": 2, "stock": 14, "updated_at": "2026-02-03T16:56:24.020Z"}}, {"model": "medications.municipalitystock", "pk": 72, "fields": {"municipality": 1, "medication": 3, "stock": 110, "updated_at": "2026-02-03T16:56:24.023Z"}}, {"model": "medications.municipalitystock", "pk": 73, "fields": {"municipality": 1, "medication": 4, "stock": 15, "updated_at": "2026-02-03T16:56:24.024Z"}}, {"model": "medications.municipalitystock", "pk": 74, "fields": {"municipality": 1, "medication": 5, "stock": 10, "updated_at": "2026-02-02T03:26:01.735Z"}}, {"model": "medications.municipalitystock", "pk": 75, "fields": {"municipality": 1, "medication": 6, "stock": 10, "updated_at": "2026-02-02T03:26:01.737Z"}}, {"model": "medications.municipalitystock", "pk": 76, "fields": {"municipality": 1, "medication": 7, "stock": 10, "updated_at": "2026-02-02T03:26:01.738Z"}}, {"model": "medications.municipalitystock", "pk": 77, "fields": {"municipality": 1, "medication": 8, "stock": 5, "updated_at": "2026-02-03T17:29:16.794Z"}}, {"model": "medications.municipalitystock", "pk": 78, "fields": {"municipality": 1, "medication": 9, "stock": 10, "updated_at": "2026-02-02T03:26:01.742Z"}}, {"model": "medications.municipalitystock", "pk": 79, "fields": {"municipality": 1, "medication": 10, "stock": 10, "updated_at": "2026-02-02T03:26:01.743Z"}}, {"model": "medications.municipalitystock", "pk": 80, "fields": {"municipality": 1, "medication": 11, "stock": 100, "updated_at": "2026-02-02T03:26:01.745Z"}}, {"model": "medications.municipalitystock", "pk": 81, "fields": {"municipality": 1, "medication": 12, "stock": 1, "updated_at": "2026-02-02T03:26:01.747Z"}}, {"model": "medications.municipalitystock", "pk": 82, "fields": {"municipality": 1, "medication": 13, "stock": 10, "updated_at": "2026-02-02T03:26:01.748Z"}}, {"model": "medications.municipalitystock", "pk": 83, "fields": {"municipality": 1, "medication": 14, "stock": 10, "updated_at": "2026-02-02T03:26:01.750Z"}}, {"model": "medications.municipalitystock", "pk": 84, "fields": {"municipality": 1, "medication": 15, "stock": 10, "updated_at": "2026-02-03T16:56:24.026Z"}}, {"model": "medications.municipalitystock", "pk": 85, "fields": {"municipality": 17, "medication": 2, "stock": 0, "updated_at": "2026-01-26T21:30:48.429Z"}}, {"model": "medications.municipalitystock", "pk": 86, "fields": {"municipality": 17, "medication": 3, "stock": 0, "updated_at": "2026-01-26T21:30:48.429Z"}}, {"model": "medications.municipalitystock", "pk": 87, "fields": {"municipality": 17, "medication": 4, "stock": 0, "updated_at": "2026-01-26T21:30:48.429Z"}}, {"model": "medications.municipalitystock", "pk": 88, "fields": {"municipality": 17, "medication": 5, "stock": 0, "updated_at": "2026-01-26T21:30:48.429Z"}}, {"model": "medications.municipalitystock", "pk": 89, "fields": {"municipality": 17, "medication": 6, "stock": 0, "updated_at": "2026-01-26T21:30:48.429Z"}}, {"model": "medications.municipalitystock", "pk": 90, "fields": {"municipality": 17, "medication": 7, "stock": 0, "updated_at": "2026-01-26T21:30:48.429Z"}}, {"model": "medications.municipalitystock", "pk": 91, "fields": {"municipality": 17, "medication": 8, "stock": 0, "updated_at": "2026-01-26T21:30:48.429Z"}}, {"model": "medications.municipalitystock", "pk": 92, "fields": {"municipality": 17, "medication": 9, "stock": 0, "updated_at": "2026-01-26T21:30:48.429Z"}}, {"model": "medications.municipalitystock", "pk": 93, "fields": {"municipality": 17, "medication": 10, "stock": 0, "updated_at": "2026-01-26T21:30:48.429Z"}}, {"model": "medications.municipalitystock", "pk": 94, "fields": {"municipality": 17, "medication": 11, "stock": 0, "updated_at": "2026-01-26T21:30:48.429Z"}}, {"model": "medications.municipalitystock", "pk": 95, "fields": {"municipality": 17, "medication": 12, "stock": 0, "updated_at": "2026-01-26T21:30:48.429Z"}}, {"model": "medications.municipalitystock", "pk": 96, "fields": {"municipality": 17, "medication": 13, "stock": 0, "updated_at": "2026-01-26T21:30:48.429Z"}}, {"model": "medications.municipalitystock", "pk": 97, "fields": {"municipality": 17, "medication": 14, "stock": 0, "updated_at": "2026-01-26T21:30:48.429Z"}}, {"model": "medications.municipalitystock", "pk": 98, "fields": {"municipality": 17, "medication": 15, "stock": 0, "updated_at": "2026-01-26T21:30:48.429Z"}}, {"model": "medications.municipalitystock", "pk": 99, "fields": {"municipality": 4, "medication": 2, "stock": 0, "updated_at": "2026-01-26T21:30:51.208Z"}}, {"model": "medications.municipalitystock", "pk": 100, "fields": {"municipality": 4, "medication": 3, "stock": 0, "updated_at": "2026-01-26T21:30:51.208Z"}}, {"model": "medications.municipalitystock", "pk": 101, "fields": {"municipality": 4, "medication": 4, "stock": 0, "updated_at": "2026-01-26T21:30:51.208Z"}}, {"model": "medications.municipalitystock", "pk": 102, "fields": {"municipality": 4, "medication": 5, "stock": 0, "updated_at": "2026-01-26T21:30:51.208Z"}}, {"model": "medications.municipalitystock", "pk": 103, "fields": {"municipality": 4, "medication": 6, "stock": 0, "updated_at": "2026-01-26T21:30:51.208Z"}}, {"model": "medications.municipalitystock", "pk": 104, "fields": {"municipality": 4, "medication": 7, "stock": 0, "updated_at": "2026-01-26T21:30:51.208Z"}}, {"model": "medications.municipalitystock", "pk": 105, "fields": {"municipality": 4, "medication": 8, "stock": 0, "updated_at": "2026-01-26T21:30:51.208Z"}}, {"model": "medications.municipalitystock", "pk": 106, "fields": {"municipality": 4, "medication": 9, "stock": 0, "updated_at": "2026-01-26T21:30:51.208Z"}}, {"model": "medications.municipalitystock", "pk": 107, "fields": {"municipality": 4, "medication": 10, "stock": 0, "updated_at": "2026-01-26T21:30:51.208Z"}}, {"model": "medications.municipalitystock", "pk": 108, "fields": {"municipality": 4, "medication": 11, "stock": 0, "updated_at": "2026-01-26T21:30:51.208Z"}}, {"model": "medications.municipalitystock", "pk": 109, "fields": {"municipality": 4, "medication": 12, "stock": 0, "updated_at": "2026-01-26T21:30:51.208Z"}}, {"model": "medications.municipalitystock", "pk": 110, "fields": {"municipality": 4, "medication": 13, "stock": 0, "updated_at": "2026-01-26T21:30:51.208Z"}}, {"model": "medications.municipalitystock", "pk": 111, "fields": {"municipality": 4, "medication": 14, "stock": 0, "updated_at": "2026-01-26T21:30:51.208Z"}}, {"model": "medications.municipalitystock", "pk": 112, "fields": {"municipality": 4, "medication": 15, "stock": 0, "updated_at": "2026-01-26T21:30:51.208Z"}}, {"model": "medications.municipalitystock", "pk": 113, "fields": {"municipality": 19, "medication": 2, "stock": 0, "updated_at": "2026-01-26T23:43:18.101Z"}}, {"model": "medications.municipalitystock", "pk": 114, "fields": {"municipality": 19, "medication": 3, "stock": 0, "updated_at": "2026-01-26T23:43:18.101Z"}}, {"model": "medications.municipalitystock", "pk": 115, "fields": {"municipality": 19, "medication": 4, "stock": 0, "updated_at": "2026-01-26T23:43:18.101Z"}}, {"model": "medications.municipalitystock", "pk": 116, "fields": {"municipality": 19, "medication": 5, "stock": 0, "updated_at": "2026-01-26T23:43:18.101Z"}}, {"model": "medications.municipalitystock", "pk": 117, "fields": {"municipality": 19, "medication": 6, "stock": 0, "updated_at": "2026-01-26T23:43:18.101Z"}}, {"model": "medications.municipalitystock", "pk": 118, "fields": {"municipality": 19, "medication": 7, "stock": 0, "updated_at": "2026-01-26T23:43:18.101Z"}}, {"model": "medications.municipalitystock", "pk": 119, "fields": {"municipality": 19, "medication": 8, "stock": 0, "updated_at": "2026-01-26T23:43:18.101Z"}}, {"model": "medications.municipalitystock", "pk": 120, "fields": {"municipality": 19, "medication": 9, "stock": 0, "updated_at": "2026-01-26T23:43:18.101Z"}}, {"model": "medications.municipalitystock", "pk": 121, "fields": {"municipality": 19, "medication": 10, "stock": 0, "updated_at": "2026-01-26T23:43:18.101Z"}}, {"model": "medications.municipalitystock", "pk": 122, "fields": {"municipality": 19, "medication": 11, "stock": 0, "updated_at": "2026-01-26T23:43:18.101Z"}}, {"model": "medications.municipalitystock", "pk": 123, "fields": {"municipality": 19, "medication": 12, "stock": 0, "updated_at": "2026-01-26T23:43:18.101Z"}}, {"model": "medications.municipalitystock", "pk": 124, "fields": {"municipality": 19, "medication": 13, "stock": 0, "updated_at": "2026-01-26T23:43:18.101Z"}}, {"model": "medications.municipalitystock", "pk": 125, "fields": {"municipality": 19, "medication": 14, "stock": 0, "updated_at": "2026-01-26T23:43:18.101Z"}}, {"model": "medications.municipalitystock", "pk": 126, "fields": {"municipality": 19, "medication": 15, "stock": 0, "updated_at": "2026-01-26T23:43:18.101Z"}}, {"model": "medications.municipalitystock", "pk": 127, "fields": {"municipality": 2, "medication": 2, "stock": 0, "updated_at": "2026-01-27T02:03:04.999Z"}}, {"model": "medications.municipalitystock", "pk": 128, "fields": {"municipality": 2, "medication": 3, "stock": 0, "updated_at": "2026-01-27T02:03:04.999Z"}}, {"model": "medications.municipalitystock", "pk": 129, "fields": {"municipality": 2, "medication": 4, "stock": 0, "updated_at": "2026-01-27T02:03:04.999Z"}}, {"model": "medications.municipalitystock", "pk": 130, "fields": {"municipality": 2, "medication": 5, "stock": 0, "updated_at": "2026-01-27T02:03:04.999Z"}}, {"model": "medications.municipalitystock", "pk": 131, "fields": {"municipality": 2, "medication": 6, "stock": 0, "updated_at": "2026-01-27T02:03:04.999Z"}}, {"model": "medications.municipalitystock", "pk": 132, "fields": {"municipality": 2, "medication": 7, "stock": 0, "updated_at": "2026-01-27T02:03:04.999Z"}}, {"model": "medications.municipalitystock", "pk": 133, "fields": {"municipality": 2, "medication": 8, "stock": 0, "updated_at": "2026-01-27T02:03:04.999Z"}}, {"model": "medications.municipalitystock", "pk": 134, "fields": {"municipality": 2, "medication": 9, "stock": 0, "updated_at": "2026-01-27T02:03:04.999Z"}}, {"model": "medications.municipalitystock", "pk": 135, "fields": {"municipality": 2, "medication": 10, "stock": 0, "updated_at": "2026-01-27T02:03:04.999Z"}}, {"model": "medications.municipalitystock", "pk": 136, "fields": {"municipality": 2, "medication": 11, "stock": 0, "updated_at": "2026-01-27T02:03:04.999Z"}}, {"model": "medications.municipalitystock", "pk": 137, "fields": {"municipality": 2, "medication": 12, "stock": 0, "updated_at": "2026-01-27T02:03:04.999Z"}}, {"model": "medications.municipalitystock", "pk": 138, "fields": {"municipality": 2, "medication": 13, "stock": 0, "updated_at": "2026-01-27T02:03:04.999Z"}}, {"model": "medications.municipalitystock", "pk": 139, "fields": {"municipality": 2, "medication": 14, "stock": 0, "updated_at": "2026-01-27T02:03:04.999Z"}}, {"model": "medications.municipalitystock", "pk": 140, "fields": {"municipality": 2, "medication": 15, "stock": 0, "updated_at": "2026-01-27T02:03:04.999Z"}}, {"model": "medications.municipalitystock", "pk": 141, "fields": {"municipality": 3, "medication": 2, "stock": 0, "updated_at": "2026-02-01T02:52:32.211Z"}}, {"model": "medications.municipalitystock", "pk": 142, "fields": {"municipality": 3, "medication": 3, "stock": 0, "updated_at": "2026-02-01T02:52:32.211Z"}}, {"model": "medications.municipalitystock", "pk": 143, "fields": {"municipality": 3, "medication": 4, "stock": 0, "updated_at": "2026-02-01T02:52:32.211Z"}}, {"model": "medications.municipalitystock", "pk": 144, "fields": {"municipality": 3, "medication": 5, "stock": 0, "updated_at": "2026-02-01T02:52:32.211Z"}}, {"model": "medications.municipalitystock", "pk": 145, "fields": {"municipality": 3, "medication": 6, "stock": 0, "updated_at": "2026-02-01T02:52:32.211Z"}}, {"model": "medications.municipalitystock", "pk": 146, "fields": {"municipality": 3, "medication": 7, "stock": 0, "updated_at": "2026-02-01T02:52:32.211Z"}}, {"model": "medications.municipalitystock", "pk": 147, "fields": {"municipality": 3, "medication": 8, "stock": 0, "updated_at": "2026-02-01T02:52:32.211Z"}}, {"model": "medications.municipalitystock", "pk": 148, "fields": {"municipality": 3, "medication": 9, "stock": 0, "updated_at": "2026-02-01T02:52:32.211Z"}}, {"model": "medications.municipalitystock", "pk": 149, "fields": {"municipality": 3, "medication": 10, "stock": 0, "updated_at": "2026-02-01T02:52:32.212Z"}}, {"model": "medications.municipalitystock", "pk": 150, "fields": {"municipality": 3, "medication": 11, "stock": 0, "updated_at": "2026-02-01T02:52:32.212Z"}}, {"model": "medications.municipalitystock", "pk": 151, "fields": {"municipality": 3, "medication": 12, "stock": 0, "updated_at": "2026-02-01T02:52:32.212Z"}}, {"model": "medications.municipalitystock", "pk": 152, "fields": {"municipality": 3, "medication": 13, "stock": 0, "updated_at": "2026-02-01T02:52:32.212Z"}}, {"model": "medications.municipalitystock", "pk": 153, "fields": {"municipality": 3, "medication": 14, "stock": 0, "updated_at": "2026-02-01T02:52:32.212Z"}}, {"model": "medications.municipalitystock", "pk": 154, "fields": {"municipality": 3, "medication": 15, "stock": 0, "updated_at": "2026-02-01T02:52:32.212Z"}}, {"model": "medications.municipalitystock", "pk": 155, "fields": {"municipality": 15, "medication": 2, "stock": 0, "updated_at": "2026-02-03T16:51:08.214Z"}}, {"model": "medications.municipalitystock", "pk": 156, "fields": {"municipality": 15, "medication": 3, "stock": 0, "updated_at": "2026-02-03T16:51:08.214Z"}}, {"model": "medications.municipalitystock", "pk": 157, "fields": {"municipality": 15, "medication": 4, "stock": 0, "updated_at": "2026-02-03T16:51:08.214Z"}}, {"model": "medications.municipalitystock", "pk": 158, "fields": {"municipality": 15, "medication": 5, "stock": 0, "updated_at": "2026-02-03T16:51:08.214Z"}}, {"model": "medications.municipalitystock", "pk": 159, "fields": {"municipality": 15, "medication": 6, "stock": 0, "updated_at": "2026-02-03T16:51:08.214Z"}}, {"model": "medications.municipalitystock", "pk": 160, "fields": {"municipality": 15, "medication": 7, "stock": 0, "updated_at": "2026-02-03T16:51:08.214Z"}}, {"model": "medications.municipalitystock", "pk": 161, "fields": {"municipality": 15, "medication": 8, "stock": 0, "updated_at": "2026-02-03T16:51:08.214Z"}}, {"model": "medications.municipalitystock", "pk": 162, "fields": {"municipality": 15, "medication": 9, "stock": 0, "updated_at": "2026-02-03T16:51:08.214Z"}}, {"model": "medications.municipalitystock", "pk": 163, "fields": {"municipality": 15, "medication": 10, "stock": 0, "updated_at": "2026-02-03T16:51:08.214Z"}}, {"model": "medications.municipalitystock", "pk": 164, "fields": {"municipality": 15, "medication": 11, "stock": 0, "updated_at": "2026-02-03T16:51:08.214Z"}}, {"model": "medications.municipalitystock", "pk": 165, "fields": {"municipality": 15, "medication": 12, "stock": 0, "updated_at": "2026-02-03T16:51:08.214Z"}}, {"model": "medications.municipalitystock", "pk": 166, "fields": {"municipality": 15, "medication": 13, "stock": 0, "updated_at": "2026-02-03T16:51:08.214Z"}}, {"model": "medications.municipalitystock", "pk": 167, "fields": {"municipality": 15, "medication": 14, "stock": 0, "updated_at": "2026-02-03T16:51:08.214Z"}}, {"model": "medications.municipalitystock", "pk": 168, "fields": {"municipality": 15, "medication": 15, "stock": 0, "updated_at": "2026-02-03T16:51:08.214Z"}}, {"model": "medications.movement", "pk": 1, "fields": {"type": "ingreso", "medication": 2, "municipality": 1, "user": ["echumila"], "quantity": 50, "notes": "", "created_at": "2026-02-01T02:04:18.941Z"}}, {"model": "medications.movement", "pk": 2, "fields": {"type": "ingreso", "medication": 8, "municipality": 1, "user": ["echumila"], "quantity": 50, "notes": "", "created_at": "2026-02-01T02:04:18.968Z"}}, {"model": "medications.movement", "pk": 3, "fields": {"type": "ingreso", "medication": 9, "municipality": 1, "user": ["echumila"], "quantity": 50, "notes": "", "created_at": "2026-02-01T02:04:19.002Z"}}, {"model": "medications.movement", "pk": 4, "fields": {"type": "ingreso", "medication": 10, "municipality": 1, "user": ["echumila"], "quantity": 50, "notes": "", "created_at": "2026-02-01T02:04:19.015Z"}}, {"model": "medications.movement", "pk": 5, "fields": {"type": "ingreso", "medication": 11, "municipality": 1, "user": ["echumila"], "quantity": 50, "notes": "", "created_at": "2026-02-01T02:04:19.027Z"}}, {"model": "medications.movement", "pk": 6, "fields": {"type": "ingreso", "medication": 12, "municipality": 1, "user": ["echumila"], "quantity": 50, "notes": "", "created_at": "2026-02-01T02:04:19.040Z"}}, {"model": "medications.movement", "pk": 7, "fields": {"type": "ingreso", "medication": 13, "municipality": 1, "user": ["echumila"], "quantity": 50, "notes": "", "created_at": "2026-02-01T02:04:19.052Z"}}, {"model": "medications.movement", "pk": 8, "fields": {"type": "ingreso", "medication": 14, "municipality": 1, "user": ["echumila"], "quantity": 50, "notes": "", "created_at": "2026-02-01T02:04:19.065Z"}}, {"model": "medications.movement", "pk": 9, "fields": {"type": "ingreso", "medication": 15, "municipality": 1, "user": ["echumila"], "quantity": 50, "notes": "", "created_at": "2026-02-01T02:04:19.076Z"}}, {"model": "medications.movement", "pk": 10, "fields": {"type": "ingreso", "medication": 2, "municipality": 1, "user": ["echumila"], "quantity": 50, "notes": "", "created_at": "2026-02-01T02:20:21.967Z"}}, {"model": "medications.movement", "pk": 11, "fields": {"type": "ingreso", "medication": 8, "municipality": 1, "user": ["echumila"], "quantity": 50, "notes": "", "created_at": "2026-02-01T02:20:22.010Z"}}, {"model": "medications.movement", "pk": 12, "fields": {"type": "ingreso", "medication": 9, "municipality": 1, "user": ["echumila"], "quantity": 50, "notes": "", "created_at": "2026-02-01T02:20:22.035Z"}}, {"model": "medications.movement", "pk": 13, "fields": {"type": "ingreso", "medication": 10, "municipality": 1, "user": ["echumila"], "quantity": 50, "notes": "", "created_at": "2026-02-01T02:20:22.051Z"}}, {"model": "medications.movement", "pk": 14, "fields": {"type": "ingreso", "medication": 11, "municipality": 1, "user": ["echumila"], "quantity": 50, "notes": "", "created_at": "2026-02-01T02:20:22.117Z"}}, {"model": "medications.movement", "pk": 15, "fields": {"type": "ingreso", "medication": 12, "municipality": 1, "user": ["echumila"], "quantity": 50, "notes": "", "created_at": "2026-02-01T02:20:22.183Z"}}, {"model": "medications.movement", "pk": 16, "fields": {"type": "ingreso", "medication": 15, "municipality": 1, "user": ["echumila"], "quantity": 50, "notes": "", "created_at": "2026-02-01T02:20:22.251Z"}}, {"model": "medications.movement", "pk": 17, "fields": {"type": "ingreso", "medication": 2, "municipality": 1, "user": ["echumila"], "quantity": 50, "notes": "", "created_at": "2026-02-01T02:37:01.589Z"}}, {"model": "medications.movement", "pk": 18, "fields": {"type": "ingreso", "medication": 3, "municipality": 1, "user": ["echumila"], "quantity": 50, "notes": "", "created_at": "2026-02-01T02:37:01.590Z"}}, {"model": "medications.movement", "pk": 19, "fields": {"type": "ingreso", "medication": 4, "municipality": 1, "user": ["echumila"], "quantity": 50, "notes": "", "created_at": "2026-02-01T02:37:01.591Z"}}, {"model": "medications.movement", "pk": 20, "fields": {"type": "ingreso", "medication": 5, "municipality": 1, "user": ["echumila"], "quantity": 50, "notes": "", "created_at": "2026-02-01T02:37:01.593Z"}}, {"model": "medications.movement", "pk": 21, "fields": {"type": "ingreso", "medication": 6, "municipality": 1, "user": ["echumila"], "quantity": 50, "notes": "", "created_at": "2026-02-01T02:37:01.594Z"}}, {"model": "medications.movement", "pk": 22, "fields": {"type": "ingreso", "medication": 7, "municipality": 1, "user": ["echumila"], "quantity": 50, "notes": "", "created_at": "2026-02-01T02:37:01.596Z"}}, {"model": "medications.movement", "pk": 23, "fields": {"type": "ingreso", "medication": 8, "municipality": 1, "user": ["echumila"], "quantity": 50, "notes": "", "created_at": "2026-02-01T02:37:01.597Z"}}, {"model": "medications.movement", "pk": 24, "fields": {"type": "ingreso", "medication": 9, "municipality": 1, "user": ["echumila"], "quantity": 50, "notes": "", "created_at": "2026-02-01T02:37:01.598Z"}}, {"model": "medications.movement", "pk": 25, "fields": {"type": "ingreso", "medication": 10, "municipality": 1, "user": ["echumila"], "quantity": 50, "notes": "", "created_at": "2026-02-01T02:37:01.599Z"}}, {"model": "medications.movement", "pk": 26, "fields": {"type": "ingreso", "medication": 11, "municipality": 1, "user": ["echumila"], "quantity": 50, "notes": "", "created_at": "2026-02-01T02:37:01.601Z"}}, {"model": "medications.movement", "pk": 27, "fields": {"type": "ingreso", "medication": 12, "municipality": 1, "user": ["echumila"], "quantity": 50, "notes": "", "created_at": "2026-02-01T02:37:01.602Z"}}, {"model": "medications.movement", "pk": 28, "fields": {"type": "ingreso", "medication": 13, "municipality": 1, "user": ["echumila"], "quantity": 50, "notes": "", "created_at": "2026-02-01T02:37:01.603Z"}}, {"model": "medications.movement", "pk": 29, "fields": {"type": "ingreso", "medication": 14, "municipality": 1, "user": ["echumila"], "quantity": 50, "notes": "", "created_at": "2026-02-01T02:37:01.605Z"}}, {"model": "medications.movement", "pk": 30, "fields": {"type": "ingreso", "medication": 15, "municipality": 1, "user": ["echumila"], "quantity": 50, "notes": "", "created_at": "2026-02-01T02:37:01.606Z"}}, {"model": "medications.movement", "pk": 31, "fields": {"type": "ingreso", "medication": 2, "municipality": 1, "user": ["echumila"], "quantity": 10, "notes": "", "created_at": "2026-02-01T02:50:51.116Z"}}, {"model": "medications.movement", "pk": 32, "fields": {"type": "ingreso", "medication": 3, "municipality": 1, "user": ["echumila"], "quantity": 10, "notes": "", "created_at": "2026-02-01T02:50:51.117Z"}}, {"model": "medications.movement", "pk": 33, "fields": {"type": "ingreso", "medication": 4, "municipality": 1, "user": ["echumila"], "quantity": 10, "notes": "", "created_at": "2026-02-01T02:50:51.118Z"}}, {"model": "medications.movement", "pk": 34, "fields": {"type": "ingreso", "medication": 5, "municipality": 1, "user": ["echumila"], "quantity": 10, "notes": "", "created_at": "2026-02-01T02:50:51.120Z"}}, {"model": "medications.movement", "pk": 35, "fields": {"type": "ingreso", "medication": 6, "municipality": 1, "user": ["echumila"], "quantity": 10, "notes": "", "created_at": "2026-02-01T02:50:51.121Z"}}, {"model": "medications.movement", "pk": 36, "fields": {"type": "ingreso", "medication": 7, "municipality": 1, "user": ["echumila"], "quantity": 10, "notes": "", "created_at": "2026-02-01T02:50:51.122Z"}}, {"model": "medications.movement", "pk": 37, "fields": {"type": "ingreso", "medication": 8, "municipality": 1, "user": ["echumila"], "quantity": 10, "notes": "", "created_at": "2026-02-01T02:50:51.123Z"}}, {"model": "medications.movement", "pk": 38, "fields": {"type": "ingreso", "medication": 9, "municipality": 1, "user": ["echumila"], "quantity": 10, "notes": "", "created_at": "2026-02-01T02:50:51.124Z"}}, {"model": "medications.movement", "pk": 39, "fields": {"type": "ingreso", "medication": 10, "municipality": 1, "user": ["echumila"], "quantity": 10, "notes": "", "created_at": "2026-02-01T02:50:51.126Z"}}, {"model": "medications.movement", "pk": 40, "fields": {"type": "ingreso", "medication": 11, "municipality": 1, "user": ["echumila"], "quantity": 10, "notes": "", "created_at": "2026-02-01T02:50:51.127Z"}}, {"model": "medications.movement", "pk": 41, "fields": {"type": "ingreso", "medication": 12, "municipality": 1, "user": ["echumila"], "quantity": 10, "notes": "", "created_at": "2026-02-01T02:50:51.128Z"}}, {"model": "medications.movement", "pk": 42, "fields": {"type": "ingreso", "medication": 13, "municipality": 1, "user": ["echumila"], "quantity": 10, "notes": "", "created_at": "2026-02-01T02:50:51.129Z"}}, {"model": "medications.movement", "pk": 43, "fields": {"type": "ingreso", "medication": 14, "municipality": 1, "user": ["echumila"], "quantity": 10, "notes": "", "created_at": "2026-02-01T02:50:51.131Z"}}, {"model": "medications.movement", "pk": 44, "fields": {"type": "ingreso", "medication": 15, "municipality": 1, "user": ["echumila"], "quantity": 10, "notes": "", "created_at": "2026-02-01T02:50:51.132Z"}}, {"model": "medications.movement", "pk": 45, "fields": {"type": "egreso", "medication": 2, "municipality": 1, "user": ["echumila"], "quantity": 40, "notes": "", "created_at": "2026-02-01T02:52:00.683Z"}}, {"model": "medications.movement", "pk": 46, "fields": {"type": "egreso", "medication": 3, "municipality": 1, "user": ["echumila"], "quantity": 40, "notes": "", "created_at": "2026-02-01T02:52:00.685Z"}}, {"model": "medications.movement", "pk": 47, "fields": {"type": "egreso", "medication": 4, "municipality": 1, "user": ["echumila"], "quantity": 40, "notes": "", "created_at": "2026-02-01T02:52:00.686Z"}}, {"model": "medications.movement", "pk": 48, "fields": {"type": "egreso", "medication": 5, "municipality": 1, "user": ["echumila"], "quantity": 40, "notes": "", "created_at": "2026-02-01T02:52:00.687Z"}}, {"model": "medications.movement", "pk": 49, "fields": {"type": "egreso", "medication": 6, "municipality": 1, "user": ["echumila"], "quantity": 40, "notes": "", "created_at": "2026-02-01T02:52:00.688Z"}}, {"model": "medications.movement", "pk": 50, "fields": {"type": "egreso", "medication": 7, "municipality": 1, "user": ["echumila"], "quantity": 40, "notes": "", "created_at": "2026-02-01T02:52:00.689Z"}}, {"model": "medications.movement", "pk": 51, "fields": {"type": "egreso", "medication": 8, "municipality": 1, "user": ["echumila"], "quantity": 40, "notes": "", "created_at": "2026-02-01T02:52:00.691Z"}}, {"model": "medications.movement", "pk": 52, "fields": {"type": "egreso", "medication": 9, "municipality": 1, "user": ["echumila"], "quantity": 40, "notes": "", "created_at": "2026-02-01T02:52:00.692Z"}}, {"model": "medications.movement", "pk": 53, "fields": {"type": "egreso", "medication": 10, "municipality": 1, "user": ["echumila"], "quantity": 40, "notes": "", "created_at": "2026-02-01T02:52:00.693Z"}}, {"model": "medications.movement", "pk": 54, "fields": {"type": "egreso", "medication": 11, "municipality": 1, "user": ["echumila"], "quantity": 40, "notes": "", "created_at": "2026-02-01T02:52:00.694Z"}}, {"model": "medications.movement", "pk": 55, "fields": {"type": "egreso", "medication": 12, "municipality": 1, "user": ["echumila"], "quantity": 40, "notes": "", "created_at": "2026-02-01T02:52:00.695Z"}}, {"model": "medications.movement", "pk": 56, "fields": {"type": "egreso", "medication": 13, "municipality": 1, "user": ["echumila"], "quantity": 40, "notes": "", "created_at": "2026-02-01T02:52:00.697Z"}}, {"model": "medications.movement", "pk": 57, "fields": {"type": "egreso", "medication": 14, "municipality": 1, "user": ["echumila"], "quantity": 40, "notes": "", "created_at": "2026-02-01T02:52:00.698Z"}}, {"model": "medications.movement", "pk": 58, "fields": {"type": "egreso", "medication": 15, "municipality": 1, "user": ["echumila"], "quantity": 40, "notes": "", "created_at": "2026-02-01T02:52:00.699Z"}}, {"model": "medications.movement", "pk": 59, "fields": {"type": "ingreso", "medication": 8, "municipality": 1, "user": ["echumila"], "quantity": 10, "notes": "", "created_at": "2026-02-01T04:07:45.396Z"}}, {"model": "medications.movement", "pk": 60, "fields": {"type": "egreso", "medication": 2, "municipality": 1, "user": ["echumila"], "quantity": 70, "notes": "", "created_at": "2026-02-02T02:52:16.542Z"}}, {"model": "medications.movement", "pk": 61, "fields": {"type": "egreso", "medication": 2, "municipality": 1, "user": ["echumila"], "quantity": 70, "notes": "", "created_at": "2026-02-02T02:59:42.644Z"}}, {"model": "medications.movement", "pk": 62, "fields": {"type": "egreso", "medication": 3, "municipality": 1, "user": ["echumila"], "quantity": 70, "notes": "", "created_at": "2026-02-02T02:59:42.646Z"}}, {"model": "medications.movement", "pk": 63, "fields": {"type": "egreso", "medication": 4, "municipality": 1, "user": ["echumila"], "quantity": 70, "notes": "", "created_at": "2026-02-02T02:59:42.647Z"}}, {"model": "medications.movement", "pk": 64, "fields": {"type": "egreso", "medication": 5, "municipality": 1, "user": ["echumila"], "quantity": 70, "notes": "", "created_at": "2026-02-02T02:59:42.649Z"}}, {"model": "medications.movement", "pk": 65, "fields": {"type": "egreso", "medication": 6, "municipality": 1, "user": ["echumila"], "quantity": 70, "notes": "", "created_at": "2026-02-02T02:59:42.650Z"}}, {"model": "medications.movement", "pk": 66, "fields": {"type": "egreso", "medication": 7, "municipality": 1, "user": ["echumila"], "quantity": 70, "notes": "", "created_at": "2026-02-02T02:59:42.652Z"}}, {"model": "medications.movement", "pk": 67, "fields": {"type": "egreso", "medication": 8, "municipality": 1, "user": ["echumila"], "quantity": 70, "notes": "", "created_at": "2026-02-02T02:59:42.654Z"}}, {"model": "medications.movement", "pk": 68, "fields": {"type": "egreso", "medication": 9, "municipality": 1, "user": ["echumila"], "quantity": 70, "notes": "", "created_at": "2026-02-02T02:59:42.655Z"}}, {"model": "medications.movement", "pk": 69, "fields": {"type": "egreso", "medication": 10, "municipality": 1, "user": ["echumila"], "quantity": 70, "notes": "", "created_at": "2026-02-02T02:59:42.657Z"}}, {"model": "medications.movement", "pk": 70, "fields": {"type": "egreso", "medication": 11, "municipality": 1, "user": ["echumila"], "quantity": 70, "notes": "", "created_at": "2026-02-02T02:59:42.658Z"}}, {"model": "medications.movement", "pk": 71, "fields": {"type": "egreso", "medication": 12, "municipality": 1, "user": ["echumila"], "quantity": 70, "notes": "", "created_at": "2026-02-02T02:59:42.659Z"}}, {"model": "medications.movement", "pk": 72, "fields": {"type": "egreso", "medication": 13, "municipality": 1, "user": ["echumila"], "quantity": 70, "notes": "", "created_at": "2026-02-02T02:59:42.661Z"}}, {"model": "medications.movement", "pk": 73, "fields": {"type": "egreso", "medication": 14, "municipality": 1, "user": ["echumila"], "quantity": 70, "notes": "", "created_at": "2026-02-02T02:59:42.663Z"}}, {"model": "medications.movement", "pk": 74, "fields": {"type": "egreso", "medication": 15, "municipality": 1, "user": ["echumila"], "quantity": 70, "notes": "", "created_at": "2026-02-02T02:59:42.664Z"}}, {"model": "medications.movement", "pk": 75, "fields": {"type": "ingreso", "medication": 2, "municipality": 1, "user": ["echumila"], "quantity": 100, "notes": "", "created_at": "2026-02-02T03:02:05.939Z"}}, {"model": "medications.movement", "pk": 76, "fields": {"type": "ingreso", "medication": 3, "municipality": 1, "user": ["echumila"], "quantity": 100, "notes": "", "created_at": "2026-02-02T03:02:05.940Z"}}, {"model": "medications.movement", "pk": 77, "fields": {"type": "ingreso", "medication": 4, "municipality": 1, "user": ["echumila"], "quantity": 100, "notes": "", "created_at": "2026-02-02T03:02:05.942Z"}}, {"model": "medications.movement", "pk": 78, "fields": {"type": "ingreso", "medication": 5, "municipality": 1, "user": ["echumila"], "quantity": 100, "notes": "", "created_at": "2026-02-02T03:02:05.944Z"}}, {"model": "medications.movement", "pk": 79, "fields": {"type": "ingreso", "medication": 6, "municipality": 1, "user": ["echumila"], "quantity": 100, "notes": "", "created_at": "2026-02-02T03:02:05.945Z"}}, {"model": "medications.movement", "pk": 80, "fields": {"type": "ingreso", "medication": 7, "municipality": 1, "user": ["echumila"], "quantity": 100, "notes": "", "created_at": "2026-02-02T03:02:05.947Z"}}, {"model": "medications.movement", "pk": 81, "fields": {"type": "ingreso", "medication": 8, "municipality": 1, "user": ["echumila"], "quantity": 100, "notes": "", "created_at": "2026-02-02T03:02:05.948Z"}}, {"model": "medications.movement", "pk": 82, "fields": {"type": "ingreso", "medication": 9, "municipality": 1, "user": ["echumila"], "quantity": 100, "notes": "", "created_at": "2026-02-02T03:02:05.950Z"}}, {"model": "medications.movement", "pk": 83, "fields": {"type": "ingreso", "medication": 10, "municipality": 1, "user": ["echumila"], "quantity": 100, "notes": "", "created_at": "2026-02-02T03:02:05.951Z"}}, {"model": "medications.movement", "pk": 84, "fields": {"type": "ingreso", "medication": 11, "municipality": 1, "user": ["echumila"], "quantity": 100, "notes": "", "created_at": "2026-02-02T03:02:05.953Z"}}, {"model": "medications.movement", "pk": 85, "fields": {"type": "ingreso", "medication": 12, "municipality": 1, "user": ["echumila"], "quantity": 100, "notes": "", "created_at": "2026-02-02T03:02:05.954Z"}}, {"model": "medications.movement", "pk": 86, "fields": {"type": "ingreso", "medication": 13, "municipality": 1, "user": ["echumila"], "quantity": 100, "notes": "", "created_at": "2026-02-02T03:02:05.956Z"}}, {"model": "medications.movement", "pk": 87, "fields": {"type": "ingreso", "medication": 14, "municipality": 1, "user": ["echumila"], "quantity": 100, "notes": "", "created_at": "2026-02-02T03:02:05.957Z"}}, {"model": "medications.movement", "pk": 88, "fields": {"type": "ingreso", "medication": 15, "municipality": 1, "user": ["echumila"], "quantity": 100, "notes": "", "created_at": "2026-02-02T03:02:05.959Z"}}, {"model": "medications.movement", "pk": 89, "fields": {"type": "egreso", "medication": 2, "municipality": 1, "user": ["echumila"], "quantity": 100, "notes": "", "created_at": "2026-02-02T03:10:30.027Z"}}, {"model": "medications.movement", "pk": 90, "fields": {"type": "egreso", "medication": 3, "municipality": 1, "user": ["echumila"], "quantity": 100, "notes": "", "created_at": "2026-02-02T03:10:30.030Z"}}, {"model": "medications.movement", "pk": 91, "fields": {"type": "egreso", "medication": 4, "municipality": 1, "user": ["echumila"], "quantity": 100, "notes": "", "created_at": "2026-02-02T03:10:30.031Z"}}, {"model": "medications.movement", "pk": 92, "fields": {"type": "egreso", "medication": 5, "municipality": 1, "user": ["echumila"], "quantity": 100, "notes": "", "created_at": "2026-02-02T03:10:30.033Z"}}, {"model": "medications.movement", "pk": 93, "fields": {"type": "egreso", "medication": 6, "municipality": 1, "user": ["echumila"], "quantity": 100, "notes": "", "created_at": "2026-02-02T03:10:30.034Z"}}, {"model": "medications.movement", "pk": 94, "fields": {"type": "egreso", "medication": 7, "municipality": 1, "user": ["echumila"], "quantity": 100, "notes": "", "created_at": "2026-02-02T03:10:30.036Z"}}, {"model": "medications.movement", "pk": 95, "fields": {"type": "egreso", "medication": 8, "municipality": 1, "user": ["echumila"], "quantity": 100, "notes": "", "created_at": "2026-02-02T03:10:30.037Z"}}, {"model": "medications.movement", "pk": 96, "fields": {"type": "egreso", "medication": 9, "municipality": 1, "user": ["echumila"], "quantity": 100, "notes": "", "created_at": "2026-02-02T03:10:30.039Z"}}, {"model": "medications.movement", "pk": 97, "fields": {"type": "egreso", "medication": 10, "municipality": 1, "user": ["echumila"], "quantity": 100, "notes": "", "created_at": "2026-02-02T03:10:30.040Z"}}, {"model": "medications.movement", "pk": 98, "fields": {"type": "egreso", "medication": 11, "municipality": 1, "user": ["echumila"], "quantity": 100, "notes": "", "created_at": "2026-02-02T03:10:30.042Z"}}, {"model": "medications.movement", "pk": 99, "fields": {"type": "egreso", "medication": 12, "municipality": 1, "user": ["echumila"], "quantity": 100, "notes": "", "created_at": "2026-02-02T03:10:30.043Z"}}, {"model": "medications.movement", "pk": 100, "fields": {"type": "egreso", "medication": 13, "municipality": 1, "user": ["echumila"], "quantity": 100, "notes": "", "created_at": "2026-02-02T03:10:30.045Z"}}, {"model": "medications.movement", "pk": 101, "fields": {"type": "egreso", "medication": 14, "municipality": 1, "user": ["echumila"], "quantity": 100, "notes": "", "created_at": "2026-02-02T03:10:30.047Z"}}, {"model": "medications.movement", "pk": 102, "fields": {"type": "egreso", "medication": 15, "municipality": 1, "user": ["echumila"], "quantity": 100, "notes": "", "created_at": "2026-02-02T03:10:30.048Z"}}, {"model": "medications.movement", "pk": 103, "fields": {"type": "ingreso", "medication": 2, "municipality": 8, "user": null, "quantity": 10, "notes": "", "created_at": "2026-02-02T03:12:59.436Z"}}, {"model": "medications.movement", "pk": 104, "fields": {"type": "ingreso", "medication": 3, "municipality": 8, "user": null, "quantity": 10, "notes": "", "created_at": "2026-02-02T03:12:59.438Z"}}, {"model": "medications.movement", "pk": 105, "fields": {"type": "ingreso", "medication": 4, "municipality": 8, "user": null, "quantity": 10, "notes": "", "created_at": "2026-02-02T03:12:59.439Z"}}, {"model": "medications.movement", "pk": 106, "fields": {"type": "ingreso", "medication": 5, "municipality": 8, "user": null, "quantity": 10, "notes": "", "created_at": "2026-02-02T03:12:59.441Z"}}, {"model": "medications.movement", "pk": 107, "fields": {"type": "ingreso", "medication": 6, "municipality": 8, "user": null, "quantity": 10, "notes": "", "created_at": "2026-02-02T03:12:59.443Z"}}, {"model": "medications.movement", "pk": 108, "fields": {"type": "ingreso", "medication": 7, "municipality": 8, "user": null, "quantity": 10, "notes": "", "created_at": "2026-02-02T03:12:59.444Z"}}, {"model": "medications.movement", "pk": 109, "fields": {"type": "ingreso", "medication": 8, "municipality": 8, "user": null, "quantity": 10, "notes": "", "created_at": "2026-02-02T03:12:59.446Z"}}, {"model": "medications.movement", "pk": 110, "fields": {"type": "ingreso", "medication": 9, "municipality": 8, "user": null, "quantity": 10, "notes": "", "created_at": "2026-02-02T03:12:59.448Z"}}, {"model": "medications.movement", "pk": 111, "fields": {"type": "ingreso", "medication": 10, "municipality": 8, "user": null, "quantity": 10, "notes": "", "created_at": "2026-02-02T03:12:59.449Z"}}, {"model": "medications.movement", "pk": 112, "fields": {"type": "ingreso", "medication": 11, "municipality": 8, "user": null, "quantity": 10, "notes": "", "created_at": "2026-02-02T03:12:59.451Z"}}, {"model": "medications.movement", "pk": 113, "fields": {"type": "ingreso", "medication": 12, "municipality": 8, "user": null, "quantity": 10, "notes": "", "created_at": "2026-02-02T03:12:59.452Z"}}, {"model": "medications.movement", "pk": 114, "fields": {"type": "ingreso", "medication": 13, "municipality": 8, "user": null, "quantity": 10, "notes": "", "created_at": "2026-02-02T03:12:59.454Z"}}, {"model": "medications.movement", "pk": 115, "fields": {"type": "ingreso", "medication": 14, "municipality": 8, "user": null, "quantity": 10, "notes": "", "created_at": "2026-02-02T03:12:59.455Z"}}, {"model": "medications.movement", "pk": 116, "fields": {"type": "ingreso", "medication": 15, "municipality": 8, "user": null, "quantity": 10, "notes": "", "created_at": "2026-02-02T03:12:59.457Z"}}, {"model": "medications.movement", "pk": 117, "fields": {"type": "ingreso", "medication": 2, "municipality": 1, "user": ["echumila"], "quantity": 10, "notes": "", "created_at": "2026-02-02T03:26:01.731Z"}}, {"model": "medications.movement", "pk": 118, "fields": {"type": "ingreso", "medication": 3, "municipality": 1, "user": ["echumila"], "quantity": 110, "notes": "", "created_at": "2026-02-02T03:26:01.733Z"}}, {"model": "medications.movement", "pk": 119, "fields": {"type": "ingreso", "medication": 4, "municipality": 1, "user": ["echumila"], "quantity": 10, "notes": "", "created_at": "2026-02-02T03:26:01.735Z"}}, {"model": "medications.movement", "pk": 120, "fields": {"type": "ingreso", "medication": 5, "municipality": 1, "user": ["echumila"], "quantity": 10, "notes": "", "created_at": "2026-02-02T03:26:01.736Z"}}, {"model": "medications.movement", "pk": 121, "fields": {"type": "ingreso", "medication": 6, "municipality": 1, "user": ["echumila"], "quantity": 10, "notes": "", "created_at": "2026-02-02T03:26:01.738Z"}}, {"model": "medications.movement", "pk": 122, "fields": {"type": "ingreso", "medication": 7, "municipality": 1, "user": ["echumila"], "quantity": 10, "notes": "", "created_at": "2026-02-02T03:26:01.739Z"}}, {"model": "medications.movement", "pk": 123, "fields": {"type": "ingreso", "medication": 8, "municipality": 1, "user": ["echumila"], "quantity": 10, "notes": "", "created_at": "2026-02-02T03:26:01.741Z"}}, {"model": "medications.movement", "pk": 124, "fields": {"type": "ingreso", "medication": 9, "municipality": 1, "user": ["echumila"], "quantity": 10, "notes": "", "created_at": "2026-02-02T03:26:01.742Z"}}, {"model": "medications.movement", "pk": 125, "fields": {"type": "ingreso", "medication": 10, "municipality": 1, "user": ["echumila"], "quantity": 10, "notes": "", "created_at": "2026-02-02T03:26:01.744Z"}}, {"model": "medications.movement", "pk": 126, "fields": {"type": "ingreso", "medication": 11, "municipality": 1, "user": ["echumila"], "quantity": 100, "notes": "", "created_at": "2026-02-02T03:26:01.746Z"}}, {"model": "medications.movement", "pk": 127, "fields": {"type": "ingreso", "medication": 12, "municipality": 1, "user": ["echumila"], "quantity": 1, "notes": "", "created_at": "2026-02-02T03:26:01.747Z"}}, {"model": "medications.movement", "pk": 128, "fields": {"type": "ingreso", "medication": 13, "municipality": 1, "user": ["echumila"], "quantity": 10, "notes": "", "created_at": "2026-02-02T03:26:01.749Z"}}, {"model": "medications.movement", "pk": 129, "fields": {"type": "ingreso", "medication": 14, "municipality": 1, "user": ["echumila"], "quantity": 10, "notes": "", "created_at": "2026-02-02T03:26:01.750Z"}}, {"model": "medications.movement", "pk": 130, "fields": {"type": "ingreso", "medication": 15, "municipality": 1, "user": ["echumila"], "quantity": 10, "notes": "", "created_at": "2026-02-02T03:26:01.752Z"}}, {"model": "medications.movement", "pk": 131, "fields": {"type": "egreso", "medication": 4, "municipality": 1, "user": ["echumila"], "quantity": 10, "notes": "", "created_at": "2026-02-02T03:26:31.347Z"}}, {"model": "medications.movement", "pk": 132, "fields": {"type": "egreso", "medication": 8, "municipality": 1, "user": ["echumila"], "quantity": 5, "notes": "se entrego a la escuela", "created_at": "2026-02-02T03:31:31.975Z"}}, {"model": "medications.movement", "pk": 133, "fields": {"type": "egreso", "medication": 2, "municipality": 1, "user": ["echumila"], "quantity": 2, "notes": "Se estregó a escuela", "created_at": "2026-02-02T03:34:41.851Z"}}, {"model": "medications.movement", "pk": 134, "fields": {"type": "ingreso", "medication": 2, "municipality": 1, "user": ["echumila"], "quantity": 10, "notes": "", "created_at": "2026-02-02T03:35:11.899Z"}}, {"model": "medications.movement", "pk": 135, "fields": {"type": "ingreso", "medication": 4, "municipality": 1, "user": ["echumila"], "quantity": 10, "notes": "", "created_at": "2026-02-02T03:35:11.901Z"}}, {"model": "medications.movement", "pk": 136, "fields": {"type": "egreso", "medication": 2, "municipality": 1, "user": ["echumila"], "quantity": 2, "notes": "Se entregó a escuela", "created_at": "2026-02-02T03:35:35.978Z"}}, {"model": "medications.movement", "pk": 137, "fields": {"type": "egreso", "medication": 4, "municipality": 1, "user": ["echumila"], "quantity": 2, "notes": "Se entregó a escuela", "created_at": "2026-02-02T03:35:35.980Z"}}, {"model": "medications.movement", "pk": 138, "fields": {"type": "egreso", "medication": 2, "municipality": 1, "user": ["echumila"], "quantity": 2, "notes": "Se entregó a escuela", "created_at": "2026-02-02T03:38:54.252Z"}}, {"model": "medications.movement", "pk": 139, "fields": {"type": "egreso", "medication": 4, "municipality": 1, "user": ["echumila"], "quantity": 2, "notes": "Se entregó a escuela", "created_at": "2026-02-02T03:38:54.254Z"}}, {"model": "medications.movement", "pk": 140, "fields": {"type": "ingreso", "medication": 4, "municipality": 1, "user": ["echumila"], "quantity": 2, "notes": "", "created_at": "2026-02-02T05:01:38.947Z"}}, {"model": "medications.movement", "pk": 141, "fields": {"type": "ingreso", "medication": 4, "municipality": 1, "user": ["echumila"], "quantity": 7, "notes": "", "created_at": "2026-02-02T05:02:01.833Z"}}, {"model": "medications.movement", "pk": 142, "fields": {"type": "ingreso", "medication": 2, "municipality": 1, "user": ["echumila"], "quantity": 100, "notes": "", "created_at": "2026-02-03T16:54:30.616Z"}}, {"model": "medications.movement", "pk": 143, "fields": {"type": "ingreso", "medication": 3, "municipality": 1, "user": ["echumila"], "quantity": 100, "notes": "", "created_at": "2026-02-03T16:54:30.618Z"}}, {"model": "medications.movement", "pk": 144, "fields": {"type": "ingreso", "medication": 4, "municipality": 1, "user": ["echumila"], "quantity": 100, "notes": "", "created_at": "2026-02-03T16:54:30.620Z"}}, {"model": "medications.movement", "pk": 145, "fields": {"type": "ingreso", "medication": 15, "municipality": 1, "user": ["echumila"], "quantity": 100, "notes": "", "created_at": "2026-02-03T16:54:30.622Z"}}, {"model": "medications.movement", "pk": 146, "fields": {"type": "egreso", "medication": 2, "municipality": 1, "user": ["echumila"], "quantity": 100, "notes": "", "created_at": "2026-02-03T16:56:24.022Z"}}, {"model": "medications.movement", "pk": 147, "fields": {"type": "egreso", "medication": 3, "municipality": 1, "user": ["echumila"], "quantity": 100, "notes": "", "created_at": "2026-02-03T16:56:24.023Z"}}, {"model": "medications.movement", "pk": 148, "fields": {"type": "egreso", "medication": 4, "municipality": 1, "user": ["echumila"], "quantity": 100, "notes": "", "created_at": "2026-02-03T16:56:24.025Z"}}, {"model": "medications.movement", "pk": 149, "fields": {"type": "egreso", "medication": 15, "municipality": 1, "user": ["echumila"], "quantity": 100, "notes": "", "created_at": "2026-02-03T16:56:24.026Z"}}, {"model": "admin.logentry", "pk": 1, "fields": {"action_time": "2026-01-16T01:30:41.541Z", "user": ["echumila"], "content_type": ["auth", "user"], "object_id": "2", "object_repr": "echumila1", "action_flag": 1, "change_message": "[{\"added\": {}}]"}}]